date,eventName,eventURL,eventDesc,division,teams,location
"FEB - MAR 28 - 1, 2026","2026 PG CLASH OF THE CHAMPIONS","https://www.perfectgame.org/Schedule/GroupedEvents.aspx?gid=23655&utm_source=pgdotorg-ai-search","PG SEC Alabama | PG Youth Tournament","7U-14U","17","Phenix City, AL"
"FEB 28, 2026","2026 PG SEC Alabama (Spring Training) (Sat Only)","https://www.perfectgame.org/Schedule/GroupedEvents.aspx?gid=24181&utm_source=pgdotorg-ai-search","Dee Black | PG Youth Tournament","7U-12U","11","Cullman, AL"
"FEB 28, 2026","2026 SEC AL (Sat ONLY) Spring Training Montgomery","https://www.perfectgame.org/Schedule/GroupedEvents.aspx?gid=24217&utm_source=pgdotorg-ai-search","Dee Black | PG Youth Tournament","7U-12U","1","Montgomery, AL"
"FEB 28, 2026","2026 SEC AL Spring Training Fultondale (Sat Only)","https://www.perfectgame.org/Schedule/GroupedEvents.aspx?gid=24221&utm_source=pgdotorg-ai-search","Dee Black | PG Youth Tournament","7U-12U","6","Fultondale, AL"
"MAR 7 - 8, 2026","2026 PG BUCKET OF BALLS GIVEAWAY- ALL TEAMS RECEIVE A PG BUCKET OF BALLS","https://www.perfectgame.org/Schedule/GroupedEvents.aspx?gid=23602&utm_source=pgdotorg-ai-search","PG SEC Alabama | PG Youth Tournament","7U-13U","14","Phenix City, AL"
"MAR 7 - 8, 2026","2026 SEC AL (Sat-Sun) Future Stars Calera","https://www.perfectgame.org/Schedule/GroupedEvents.aspx?gid=24188&utm_source=pgdotorg-ai-search","Dee Black | PG Youth Tournament","7U-13U","9","Calera, AL"
"MAR 7 - 8, 2026","2026 PG BUCKET OF BALLS GIVAWAY- ALL TEAMS RECEIVE A PG BUCKET OF BALLS","https://www.perfectgame.org/Schedule/GroupedEvents.aspx?gid=23380&utm_source=pgdotorg-ai-search","PG SEC Alabama | PG Youth Tournament","9U-13U","13","Albertville, AL"
"MAR 7, 2026","2026 SEC AL (Sat ONLY) Alabama First Pitch Single A (Cullman)","https://www.perfectgame.org/Schedule/GroupedEvents.aspx?gid=24185&utm_source=pgdotorg-ai-search","Dee Black | PG Youth Tournament","7U-12U","16","Cullman, AL"
"MAR 14, 2026","2026 SEC AL (Sat ONLY) Future Stars Single A Priceville","https://www.perfectgame.org/Schedule/GroupedEvents.aspx?gid=24219&utm_source=pgdotorg-ai-search","Dee Black | PG Youth Tournament","9U-12U","8","Decatur, AL"
"MAR 14, 2026","2026 SEC AL (Sat Only) First Pitch Fultondale","https://www.perfectgame.org/Schedule/GroupedEvents.aspx?gid=24186&utm_source=pgdotorg-ai-search","Dee Black | PG Youth Tournament","7U-12U","3","Fultondale, AL"
"MAR 14, 2026","2026 SEC AL (Sat ONLY) Future Stars Double AA Cullman","https://www.perfectgame.org/Schedule/GroupedEvents.aspx?gid=24220&utm_source=pgdotorg-ai-search","Dee Black | PG Youth Tournament","7U-13U","5","Warrior, AL"
"MAR 14, 2026","2026 SEC AL (Sat ONLY) Future Stars 6U-7U-8U Madison","https://www.perfectgame.org/Schedule/GroupedEvents.aspx?gid=24231&utm_source=pgdotorg-ai-search","Dee Black | PG Youth Tournament","6U-8U","4","Madison, AL"
"MAR 14, 2026","2026 SEC AL (Sat ONLY) Future Stars 6U-7U-8U-9U Rainsville Turf (New Tournament)","https://www.perfectgame.org/Schedule/GroupedEvents.aspx?gid=24473&utm_source=pgdotorg-ai-search","Dee Black | PG Youth Tournament","6U-9U","","Rainsville, AL"
"MAR 21 - 22, 2026","2026 PG SHAMROCK SHOWDOWN","https://www.perfectgame.org/Schedule/GroupedEvents.aspx?gid=23607&utm_source=pgdotorg-ai-search","PG SEC Alabama | PG Youth Tournament","6U-14U","12","Phenix City, AL"
"MAR 21, 2026","2026 SEC AL (Sat Only) Shamrock Shootout Cullman HP","https://www.perfectgame.org/Schedule/GroupedEvents.aspx?gid=24222&utm_source=pgdotorg-ai-search","Dee Black | PG Youth Tournament","7U-13U","8","Cullman, AL"
"MAR 21, 2026","2026 PG SEC Super Regional NIT","https://www.perfectgame.org/Schedule/GroupedEvents.aspx?gid=22366&utm_source=pgdotorg-ai-search","PG SEC Alabama | PG Youth Tournament","7U-12U","13","Huntsville, AL"
"MAR 21, 2026","2026 SEC AL (Sat ONLY) Shamrock Shootout Montgomery","https://www.perfectgame.org/Schedule/GroupedEvents.aspx?gid=24218&utm_source=pgdotorg-ai-search","Dee Black | PG Youth Tournament","7U-12U","1","Montgomery, AL"
"MAR 21, 2026","2026 SEC AL Shamrock Shootout Moulton Cullman","https://www.perfectgame.org/Schedule/GroupedEvents.aspx?gid=24563&utm_source=pgdotorg-ai-search","Dee Black | PG Youth Tournament","9U, 11U","2","Moulton, AL"
"MAR 28, 2026","2026 PG SEC Alabama Spring Break(Sat Only)","https://www.perfectgame.org/Schedule/GroupedEvents.aspx?gid=23082&utm_source=pgdotorg-ai-search","PG SEC Alabama | PG Youth Tournament","7U-12U","12","Florence, AL"
"MAR 28 - 29, 2026","2026 PG SPRING INVITATIONAL - PG BELT TO CHAMPS @ VALLEY","https://www.perfectgame.org/Schedule/GroupedEvents.aspx?gid=23608&utm_source=pgdotorg-ai-search","PG SEC Alabama | PG Youth Tournament","6U-12U","12","Valley, AL"
"MAR 28, 2026","2026 SEC AL (Sat ONLY) Future Stars 9U Millbrook","https://www.perfectgame.org/Schedule/GroupedEvents.aspx?gid=24281&utm_source=pgdotorg-ai-search","Dee Black | PG Youth Tournament","9U","","Millbrook, AL"
"MAR 28, 2026","2026 SEC AL (Sat ONLY) Wood Bat Legends 9U-10U-11U-12U Cullman","https://www.perfectgame.org/Schedule/GroupedEvents.aspx?gid=24516&utm_source=pgdotorg-ai-search","Dee Black | PG Youth Tournament","9U-12U","1","Cullman, AL"
"MAR 28, 2026","2026 SEC AL (Sat ONLY) The Champions Cup Qualifier A/AA Cullman","https://www.perfectgame.org/Schedule/GroupedEvents.aspx?gid=24223&utm_source=pgdotorg-ai-search","Dee Black | PG Youth Tournament","7U-13U","18","Cullman, AL"
"MAR 28, 2026","2026 SEC AL (Sat ONLY) Champions Cup Qualifier Gardendale (New Tournament)","https://www.perfectgame.org/Schedule/GroupedEvents.aspx?gid=24790&utm_source=pgdotorg-ai-search","Dee Black | PG Youth Tournament","6U-10U","","Gardendale, AL"
"MAR 28 - 29, 2026","2026 PG CAPITAL CITY SHOWDOWN @ 17 SPRINGS TURF PARK","https://www.perfectgame.org/Schedule/GroupedEvents.aspx?gid=23895&utm_source=pgdotorg-ai-search","PG SEC Alabama | PG Youth Tournament","7U-12U","12","Millbrook, AL"
"MAR 28, 2026","2026 SEC AL (SAT Only) The Champions Cup Qualifier (New Tournament)","https://www.perfectgame.org/Schedule/GroupedEvents.aspx?gid=24482&utm_source=pgdotorg-ai-search","Dee Black | PG Youth Tournament","9U-12U","","Fultondale, AL"
"APR 4, 2026","2026 PG EASTER BASH SATURDAY ONLY 3GG","https://www.perfectgame.org/Schedule/GroupedEvents.aspx?gid=24616&utm_source=pgdotorg-ai-search","PG SEC Alabama | PG Youth Tournament","7U-13U","1","Phenix City, AL"
"APR 4, 2026","2026 PG MLB PLAYER SERIES - FEATURING VARIOUS MLB PLAYER RINGS SATURDAY ONLY","https://www.perfectgame.org/Schedule/GroupedEvents.aspx?gid=24628&utm_source=pgdotorg-ai-search","PG SEC Alabama | PG Youth Tournament","7U-14U","8","Gardendale, AL"
"APR 4, 2026","2026 SEC AL (Sat ONLY) Easter Egg Scramble Cullman","https://www.perfectgame.org/Schedule/GroupedEvents.aspx?gid=24224&utm_source=pgdotorg-ai-search","Dee Black | PG Youth Tournament","6U-13U","7","Cullman, AL"
"APR 4, 2026","2026 SEC AL (Sat ONLY) Future Stars 12U ONLY Hayden (New Tournament)","https://www.perfectgame.org/Schedule/GroupedEvents.aspx?gid=24517&utm_source=pgdotorg-ai-search","Dee Black | PG Youth Tournament","12U","","Warrior, AL"
"APR 4, 2026","2026 SEC AL (Sat ONLY) Easter Egg Scramble Montgomery","https://www.perfectgame.org/Schedule/GroupedEvents.aspx?gid=24226&utm_source=pgdotorg-ai-search","Dee Black | PG Youth Tournament","7U-12U","1","Montgomery, AL"
"APR 4, 2026","2026 SEC AL (SAT Only) Easter Egg Scramble 6U-7U-8U (New Tournament)","https://www.perfectgame.org/Schedule/GroupedEvents.aspx?gid=24483&utm_source=pgdotorg-ai-search","Dee Black | PG Youth Tournament","6U-8U","","Fultondale, AL"
"APR 4, 2026","2026 SEC AL (Sat ONLY) Easter Egg Scramble Decatur Priceville","https://www.perfectgame.org/Schedule/GroupedEvents.aspx?gid=24225&utm_source=pgdotorg-ai-search","Dee Black | PG Youth Tournament","7U-11U","5","Decatur, AL"
"APR 11 - 12, 2026","2026 PG Alabama Super Regional NIT","https://www.perfectgame.org/Schedule/GroupedEvents.aspx?gid=24005&utm_source=pgdotorg-ai-search","PG SEC Alabama | PG Youth Tournament","7U-14U","45","Auburn, AL"
"APR 11, 2026","2026 SEC AL (Sat ONLY) #42 Tribute Athens Madison","https://www.perfectgame.org/Schedule/GroupedEvents.aspx?gid=24234&utm_source=pgdotorg-ai-search","Dee Black | PG Youth Tournament","6U-12U","10","Athens, AL"
"APR 11 - 12, 2026","2026 PG JACKIE ROBINSON 42 CLASSIC- JACKIE ROBINSON RINGS","https://www.perfectgame.org/Schedule/GroupedEvents.aspx?gid=23382&utm_source=pgdotorg-ai-search","PG SEC Alabama | PG Youth Tournament","9U-14U","30","Albertville, AL"
"APR 11, 2026","2026 SEC AL (Sat ONLY) #42 Tribute Single A Cullman","https://www.perfectgame.org/Schedule/GroupedEvents.aspx?gid=24235&utm_source=pgdotorg-ai-search","Dee Black | PG Youth Tournament","7U-12U","14","Cullman, AL"
"APR 18 - 19, 2026","2026 PG JACKIE ROBINSON 42 CLASSIC- JACKIE ROBINSON RINGS","https://www.perfectgame.org/Schedule/GroupedEvents.aspx?gid=23609&utm_source=pgdotorg-ai-search","PG SEC Alabama | PG Youth Tournament","6U-14U","7","Phenix City, AL"
"APR 18, 2026","2026 PG SEC Spring Classic- PG BELTS (Sat Only)","https://www.perfectgame.org/Schedule/GroupedEvents.aspx?gid=22367&utm_source=pgdotorg-ai-search","PG SEC Alabama | PG Youth Tournament","7U-12U","6","Huntsville, AL"
"APR 18 - 19, 2026","2026 SEC AL (Sat-Sun) The Champions Cup Qualifier Montgomery","https://www.perfectgame.org/Schedule/GroupedEvents.aspx?gid=24237&utm_source=pgdotorg-ai-search","Dee Black | PG Youth Tournament","7U-14U","1","Montgomery, AL"
"APR 18, 2026","2026 SEC AL (Sat ONLY) King of Coach Pitch 7U-8U Decatur Wilson Morgan","https://www.perfectgame.org/Schedule/GroupedEvents.aspx?gid=24238&utm_source=pgdotorg-ai-search","Dee Black | PG Youth Tournament","7U, 8U","1","Decatur, AL"
"APR 18, 2026","2026 SEC AL (Sat ONLY) The Champions Cup Qualifier Cullman","https://www.perfectgame.org/Schedule/GroupedEvents.aspx?gid=24239&utm_source=pgdotorg-ai-search","Dee Black | PG Youth Tournament","9U-14U","12","Cullman, AL"
"APR 18, 2026","2026 SEC AL (Sat ONLY) Mayors Cup Challenge 11U 12U ONLY Gadsden (New Tournament)","https://www.perfectgame.org/Schedule/GroupedEvents.aspx?gid=24745&utm_source=pgdotorg-ai-search","Dee Black | PG Youth Tournament","12U","1","Gadsden, AL"
"APR 18, 2026","2026 SEC AL (Sat ONLY) The Champions Cup Single A Decatur","https://www.perfectgame.org/Schedule/GroupedEvents.aspx?gid=24240&utm_source=pgdotorg-ai-search","Dee Black | PG Youth Tournament","9U-11U","5","Decatur, AL"
"APR 18 - 19, 2026","2026 SEC AL (Sat-Sun) The Champions Cup Qualifier Alabaster (New Tournament)","https://www.perfectgame.org/Schedule/GroupedEvents.aspx?gid=24480&utm_source=pgdotorg-ai-search","Dee Black | PG Youth Tournament","7U-12U","4","Alabaster, AL"
"APR 23 - 25, 2026","2026 AL League Mid Season Rec Tournament (Sign Up Early)","https://www.perfectgame.org/Schedule/GroupedEvents.aspx?gid=24474&utm_source=pgdotorg-ai-search","Dee Black | PG Youth Tournament","6U, 8U, 10U, 12U, 14U","1","Cullman, AL"
"APR 25 - 26, 2026","2026 PG CHAMPIONS CUP CHALLENGE- VALLEY & PHENIX CITY","https://www.perfectgame.org/Schedule/GroupedEvents.aspx?gid=23610&utm_source=pgdotorg-ai-search","PG SEC Alabama | PG Youth Tournament","6U-14U","7","Valley, AL"
"APR 25, 2026","2026 PG SEC PG MLB PLAYER SERIES - FEATURING VARIOUS MLB PLAYER RINGS (Sat Only)","https://www.perfectgame.org/Schedule/GroupedEvents.aspx?gid=22368&utm_source=pgdotorg-ai-search","PG SEC Alabama | PG Youth Tournament","7U-12U","14","Huntsville, AL"
"APR 25 - 26, 2026","2026 PG MLB PLAYER SERIES - FEATURING VARIOUS MLB PLAYER RINGS","https://www.perfectgame.org/Schedule/GroupedEvents.aspx?gid=24626&utm_source=pgdotorg-ai-search","PG SEC Alabama | PG Youth Tournament","8U-14U","1","Albertville, AL"
"APR 25, 2026","2026 SEC AL (Sat ONLY) PG Belts Fultondale (New Tournament)","https://www.perfectgame.org/Schedule/GroupedEvents.aspx?gid=24484&utm_source=pgdotorg-ai-search","Dee Black | PG Youth Tournament","9U-12U","3","Fultondale, AL"
"APR 25, 2026","2026 SEC AL (Sat ONLY) King of Coach Pitch 4GG Cullman","https://www.perfectgame.org/Schedule/GroupedEvents.aspx?gid=24285&utm_source=pgdotorg-ai-search","Dee Black | PG Youth Tournament","6U-8U","1","Cullman, AL"
"APR 25, 2026","2026 SEC AL (Sat ONLY) PG Belts Single A Cullman","https://www.perfectgame.org/Schedule/GroupedEvents.aspx?gid=24289&utm_source=pgdotorg-ai-search","Dee Black | PG Youth Tournament","9U-14U","10","Hanceville, AL"
"APR 25, 2026","2026 SEC AL (Sat ONLY) King of Coach Pitch Calera","https://www.perfectgame.org/Schedule/GroupedEvents.aspx?gid=24361&utm_source=pgdotorg-ai-search","Dee Black | PG Youth Tournament","6U-9U","","Calera, AL"
"MAY 2, 2026","2026 SEC AL (Sat ONLY) Cinco De Mayo Cullman HP","https://www.perfectgame.org/Schedule/GroupedEvents.aspx?gid=24301&utm_source=pgdotorg-ai-search","Dee Black | PG Youth Tournament","6U-14U","16","Cullman, AL"
"MAY 2, 2026","2026 PG SEC World Series ( Saturday)","https://www.perfectgame.org/Schedule/GroupedEvents.aspx?gid=22369&utm_source=pgdotorg-ai-search","PG SEC Alabama | PG Youth Tournament","8U-15U","6","Florence, AL"
"MAY 2, 2026","2026 SEC AL (Sat ONLY) King of Coach Pitch Rainsville","https://www.perfectgame.org/Schedule/GroupedEvents.aspx?gid=24272&utm_source=pgdotorg-ai-search","Dee Black | PG Youth Tournament","6U-8U","","Rainsville, AL"
"MAY 2, 2026","2026 SEC AL (Sat ONLY) Cinco De Mayo 9U-11U Madison Priceville","https://www.perfectgame.org/Schedule/GroupedEvents.aspx?gid=24300&utm_source=pgdotorg-ai-search","Dee Black | PG Youth Tournament","9U, 11U","4","Madison, AL"
"MAY 2, 2026","2026 SEC AL (Sat ONLY) Cinco De Mayo 6U-7U-8U (New Tournament)","https://www.perfectgame.org/Schedule/GroupedEvents.aspx?gid=24485&utm_source=pgdotorg-ai-search","Dee Black | PG Youth Tournament","6U-8U","","Fultondale, AL"
"MAY 2 - 3, 2026","2026 PG Sandlot Classic- FREE JERSEYS- Half payment must be made online by February 10th","https://www.perfectgame.org/Schedule/GroupedEvents.aspx?gid=23611&utm_source=pgdotorg-ai-search","PG SEC Alabama | PG Youth Tournament","6U-15U","13","Phenix City, AL"
"MAY 2 - 3, 2026","2026 PG Sandlot Classic- FREE JERSEYS- Half payment must be made online by February 10th","https://www.perfectgame.org/Schedule/GroupedEvents.aspx?gid=23894&utm_source=pgdotorg-ai-search","PG SEC Alabama | PG Youth Tournament","7U-12U","14","Millbrook, AL"
"MAY 2 - 3, 2026","2026 PG Sandlot Classic- FREE JERSEYS- Half payment must be made online by February 10th","https://www.perfectgame.org/Schedule/GroupedEvents.aspx?gid=23383&utm_source=pgdotorg-ai-search","PG SEC Alabama | PG Youth Tournament","7U-15U","23","Albertville, AL"
"MAY 9, 2026","2026 PG MOTHER'S DAY OFF SATURDAY ONLY 3GG","https://www.perfectgame.org/Schedule/GroupedEvents.aspx?gid=23612&utm_source=pgdotorg-ai-search","PG SEC Alabama | PG Youth Tournament","7U-14U","2","Phenix City, AL"
"MAY 9, 2026","2026 PG SEC Mothers Day (Sat Only)","https://www.perfectgame.org/Schedule/GroupedEvents.aspx?gid=22370&utm_source=pgdotorg-ai-search","PG SEC Alabama | PG Youth Tournament","8U-14U","16","Huntsville, AL"
"MAY 9, 2026","2026 SEC AL (Sat ONLY) Mothers Day OFF Montgomery","https://www.perfectgame.org/Schedule/GroupedEvents.aspx?gid=24336&utm_source=pgdotorg-ai-search","Dee Black | PG Youth Tournament","7U-11U, 13U, 14U","1","Montgomery, AL"
"MAY 9, 2026","2026 SEC AL (Sat ONLY) Sponsored Athletes 12U ONLY (New Tournament)","https://www.perfectgame.org/Schedule/GroupedEvents.aspx?gid=24750&utm_source=pgdotorg-ai-search","Dee Black | PG Youth Tournament","12U","","Montgomery, AL"
"MAY 9, 2026","2026 SEC AL (Sat ONLY) Mothers Day Off Cullman","https://www.perfectgame.org/Schedule/GroupedEvents.aspx?gid=24338&utm_source=pgdotorg-ai-search","Dee Black | PG Youth Tournament","6U-14U","15","Cullman, AL"
"MAY 9, 2026","2026 SEC AL (Sat ONLY) Mothers Day Off Calera Eagle","https://www.perfectgame.org/Schedule/GroupedEvents.aspx?gid=24340&utm_source=pgdotorg-ai-search","Dee Black | PG Youth Tournament","7U-14U","6","Calera, AL"
"MAY 9, 2026","2026 SEC AL (SAT Only) Mothers Day OFF (New Tournament)","https://www.perfectgame.org/Schedule/GroupedEvents.aspx?gid=24486&utm_source=pgdotorg-ai-search","Dee Black | PG Youth Tournament","7U-11U","4","Fultondale, AL"
"MAY 16, 2026","2026 PG STATE CHAMPIONS CUP CHALLENGE (Sat Only)","https://www.perfectgame.org/Schedule/GroupedEvents.aspx?gid=23132&utm_source=pgdotorg-ai-search","PG SEC Alabama | PG Youth Tournament","8U-16U","7","Athens, AL"
"MAY 16, 2026","2026 SEC AL (Sat ONLY) The Champions Cup Qualifier Decatur Priceville","https://www.perfectgame.org/Schedule/GroupedEvents.aspx?gid=24349&utm_source=pgdotorg-ai-search","Dee Black | PG Youth Tournament","6U-11U","5","Decatur, AL"
"MAY 16, 2026","2026 SEC AL (Sat ONLY) The Champions Cup Qualifier Cullman","https://www.perfectgame.org/Schedule/GroupedEvents.aspx?gid=24350&utm_source=pgdotorg-ai-search","Dee Black | PG Youth Tournament","9U-11U","7","Cullman, AL"
"MAY 16, 2026","2026 SEC AL (Sat ONLY) King of Coach Pitch Hayden","https://www.perfectgame.org/Schedule/GroupedEvents.aspx?gid=24351&utm_source=pgdotorg-ai-search","Dee Black | PG Youth Tournament","6U-8U","1","Warrior, AL"
"MAY 16, 2026","2026 SEC AL (Sat ONLY) Battle for the Belts Montgomery (New Tournament)","https://www.perfectgame.org/Schedule/GroupedEvents.aspx?gid=24352&utm_source=pgdotorg-ai-search","Dee Black | PG Youth Tournament","7U-14U","1","Montgomery, AL"
"MAY 16 - 17, 2026","2026 PG STATE CHAMPIONSHIPS- FREE JERSEYS- Half payment must be made online by February 10th","https://www.perfectgame.org/Schedule/GroupedEvents.aspx?gid=23613&utm_source=pgdotorg-ai-search","PG SEC Alabama | PG Youth Tournament","7U-15U","18","Phenix City, AL"
"MAY 16, 2026","2026 SEC AL (Sat ONLY) Sponsored Athlete 12U-13U ONLY Athens","https://www.perfectgame.org/Schedule/GroupedEvents.aspx?gid=24347&utm_source=pgdotorg-ai-search","Dee Black | PG Youth Tournament","12U, 13U","4","Athens, AL"
"MAY 23, 2026","2026 SEC AL (Sat ONLY) Memorial Day Salute Cullman Vinemont","https://www.perfectgame.org/Schedule/GroupedEvents.aspx?gid=24479&utm_source=pgdotorg-ai-search","Dee Black | PG Youth Tournament","7U-11U, 13U, 14U","8","Cullman, AL"
"MAY 23, 2026","2026 AL (Sat ONLY) League All Star Warm UP Tournament (Sign up early)","https://www.perfectgame.org/Schedule/GroupedEvents.aspx?gid=24477&utm_source=pgdotorg-ai-search","Dee Black | PG Youth Tournament","6U, 8U, 10U, 12U, 14U","","Cullman, AL"
"MAY 23, 2026","2026 AL Leagues (Sat ONLY) All Star Warm UP Tournament (Sign up early)","https://www.perfectgame.org/Schedule/GroupedEvents.aspx?gid=24478&utm_source=pgdotorg-ai-search","Dee Black | PG Youth Tournament","6U, 8U, 10U, 12U","","Fultondale, AL"
"MAY 23, 2026","2026 PG SEC Alabama Memorial Day Classic","https://www.perfectgame.org/Schedule/GroupedEvents.aspx?gid=23819&utm_source=pgdotorg-ai-search","PG SEC Alabama | PG Youth Tournament","8U-16U","4","Various, AL"
"MAY 30, 2026","2026 SEC AL (Sat ONLY) King of Coach Pitch Rainsville","https://www.perfectgame.org/Schedule/GroupedEvents.aspx?gid=24278&utm_source=pgdotorg-ai-search","Dee Black | PG Youth Tournament","6U-8U","","Rainsville, AL"
"MAY 30, 2026","2026 SEC AL State Tournament The Champions Cup Cullman/Decatur","https://www.perfectgame.org/Schedule/GroupedEvents.aspx?gid=24354&utm_source=pgdotorg-ai-search","Dee Black | PG Youth Tournament","6U-11U, 13U, 14U","11","Decatur, AL"
"MAY 30 - 31, 2026","2026 PG AMERICAN CLASSIC- FREE JERSEYS- Half payment must be made online by February 10th","https://www.perfectgame.org/Schedule/GroupedEvents.aspx?gid=23614&utm_source=pgdotorg-ai-search","PG SEC Alabama | PG Youth Tournament","7U-15U","17","Auburn, AL"
"MAY 30 - 31, 2026","2026 PG SEC Border Wars Championships","https://www.perfectgame.org/Schedule/GroupedEvents.aspx?gid=23821&utm_source=pgdotorg-ai-search","PG SEC Alabama | PG Youth Tournament","13U-16U","7","Madison, AL"
"MAY 30, 2026","2026 SEC AL (Sat ONLY) Sponsored Athlete 12U ONLY Cullman","https://www.perfectgame.org/Schedule/GroupedEvents.aspx?gid=24364&utm_source=pgdotorg-ai-search","Dee Black | PG Youth Tournament","12U","6","Cullman, AL"
"JUN 6 - 7, 2026","PG SEC Alabama World Series #1 Florence Sportsplex","https://www.perfectgame.org/Schedule/GroupedEvents.aspx?gid=23138&utm_source=pgdotorg-ai-search","PG SEC Alabama | PG Youth Tournament","7U-17U","45","Florence, AL"
"JUN 6, 2026","2026 SEC AL (Sat ONLY) Championship Series Cullman Priceville","https://www.perfectgame.org/Schedule/GroupedEvents.aspx?gid=24368&utm_source=pgdotorg-ai-search","Dee Black | PG Youth Tournament","7U-12U","5","Cullman, AL"
"JUN 6 - 7, 2026","2026 PG BANANA BASH - BANANA RINGS","https://www.perfectgame.org/Schedule/GroupedEvents.aspx?gid=23615&utm_source=pgdotorg-ai-search","PG SEC Alabama | PG Youth Tournament","6U-15U","31","Auburn, AL"
"JUN 12 - 13, 2026","2026 AL League Rec All Star State Tournament 6U-12U-14U (Sign up early)","https://www.perfectgame.org/Schedule/GroupedEvents.aspx?gid=24475&utm_source=pgdotorg-ai-search","Dee Black | PG Youth Tournament","6U, 12U, 14U","","Warrior, AL"
"JUN 13 - 14, 2026","2026 PG SUMMER CLASSIC - Valley & Auburn","https://www.perfectgame.org/Schedule/GroupedEvents.aspx?gid=23616&utm_source=pgdotorg-ai-search","PG SEC Alabama | PG Youth Tournament","6U-15U","3","Valley, AL"
"JUN 13 - 14, 2026","2026 PG SEC ALABAMA","https://www.perfectgame.org/Schedule/GroupedEvents.aspx?gid=23788&utm_source=pgdotorg-ai-search","PG SEC Alabama | PG Youth Tournament","8U-17U","4","Madison, AL"
"JUN 13, 2026","2026 SEC AL (Sat ONLY) Championship Series 2 Cullman","https://www.perfectgame.org/Schedule/GroupedEvents.aspx?gid=24370&utm_source=pgdotorg-ai-search","Dee Black | PG Youth Tournament","7U-12U","5","Cullman, AL"
"JUN 19 - 20, 2026","2026 AL League All Star State Tournament 8U-10U (Sign up Early)","https://www.perfectgame.org/Schedule/GroupedEvents.aspx?gid=24476&utm_source=pgdotorg-ai-search","Dee Black | PG Youth Tournament","8U, 10U","","Warrior, AL"
"JUN 20 - 21, 2026","2026 PG DINGERS FOR DADS - Valley & Auburn","https://www.perfectgame.org/Schedule/GroupedEvents.aspx?gid=23617&utm_source=pgdotorg-ai-search","PG SEC Alabama | PG Youth Tournament","6U-15U","1","Valley, AL"
"JUN 20, 2026","2026 SEC AL (Sat ONLY) Championship Series 3 Cullman Priceville","https://www.perfectgame.org/Schedule/GroupedEvents.aspx?gid=24372&utm_source=pgdotorg-ai-search","Dee Black | PG Youth Tournament","7U-12U","1","Cullman, AL"
"JUN 20 - 21, 2026","2026 SEC AL (Sat-Sun) Championship Series 3 Alabaster (New Tournament)","https://www.perfectgame.org/Schedule/GroupedEvents.aspx?gid=24481&utm_source=pgdotorg-ai-search","Dee Black | PG Youth Tournament","9U-12U","1","Alabaster, AL"
"JUN 20 - 21, 2026","2026 PG SEC Alabama Fathers Day","https://www.perfectgame.org/Schedule/GroupedEvents.aspx?gid=23789&utm_source=pgdotorg-ai-search","PG SEC Alabama | PG Youth Tournament","13U-17U","2","Madison, AL"
"JUN 27 - 28, 2026","2026 PG SOUTHEAST REGIONALS","https://www.perfectgame.org/Schedule/GroupedEvents.aspx?gid=23618&utm_source=pgdotorg-ai-search","PG SEC Alabama | PG Youth Tournament","6U-15U","3","Opelika, AL"
"JUN 27 - 28, 2026","2026 PG SEC Alabama World Series #2","https://www.perfectgame.org/Schedule/GroupedEvents.aspx?gid=23792&utm_source=pgdotorg-ai-search","PG SEC Alabama | PG Youth Tournament","13U-17U","2","Madison, AL"
"JUN 27, 2026","2026 SEC AL (Sat ONLY) Championship Showdown Athens","https://www.perfectgame.org/Schedule/GroupedEvents.aspx?gid=24373&utm_source=pgdotorg-ai-search","Dee Black | PG Youth Tournament","7U-12U","2","Athens, AL"
"JUL 4 - 5, 2026","2026 PG SEC Alabama World Series #3","https://www.perfectgame.org/Schedule/GroupedEvents.aspx?gid=23793&utm_source=pgdotorg-ai-search","PG SEC Alabama | PG Youth Tournament","13U-17U","5","Madison, AL"
"JUL 11 - 12, 2026","2026 PG SOUTHEASTERN CHAMPIONSHIPS","https://www.perfectgame.org/Schedule/GroupedEvents.aspx?gid=23619&utm_source=pgdotorg-ai-search","PG SEC Alabama | PG Youth Tournament","6U-15U","2","Opelika, AL"
"JUL 11 - 12, 2026","2026 PG SEC Alabama World Series #4","https://www.perfectgame.org/Schedule/GroupedEvents.aspx?gid=23794&utm_source=pgdotorg-ai-search","PG SEC Alabama | PG Youth Tournament","13U-17U","6","Madison, AL"
"JUL 18 - 19, 2026","2026 PG ALABAMA INVITATIONAL","https://www.perfectgame.org/Schedule/GroupedEvents.aspx?gid=23620&utm_source=pgdotorg-ai-search","PG SEC Alabama | PG Youth Tournament","13U-15U","1","Auburn, AL"
"JUL 18 - 19, 2026","2026 PG SEC Alabama Summer Championship","https://www.perfectgame.org/Schedule/GroupedEvents.aspx?gid=23795&utm_source=pgdotorg-ai-search","PG SEC Alabama | PG Youth Tournament","13U-17U","3","Madison, AL"
"JUL 18 - 19, 2026","2026 PG SEC ALABAMA","https://www.perfectgame.org/Schedule/GroupedEvents.aspx?gid=24722&utm_source=pgdotorg-ai-search","PG SEC Alabama | PG Youth Tournament","13U-16U","","Albertville, AL"
"JUL 25 - 26, 2026","2026 PG SEC Alabama Elites","https://www.perfectgame.org/Schedule/GroupedEvents.aspx?gid=23798&utm_source=pgdotorg-ai-search","PG SEC Alabama | PG Youth Tournament","13U-17U","1","Madison, AL"
"JUL - AUG 31 - 1, 2026","2026 PG SEC Alabama End of the Summer","https://www.perfectgame.org/Schedule/GroupedEvents.aspx?gid=23796&utm_source=pgdotorg-ai-search","PG SEC Alabama | PG Youth Tournament","13U-17U","2","Madison, AL"